0743683302930,"Lewmar V700 Vertical Windlass Kit - 12V",1050.91
0743683319891,"Lewmar Pro-Series Horizontal 1000H Windlass Kit - 12V",1309.43
0743683303036,"Lewmar V700 Vertical Windlass - 12V",866.26
0743683306495,"Lewmar Pro-Series Horizontal 700 Windlass - 12V",1088.37
"Does Not Apply","Lewmar Delta&reg; Anchor - Stainless Steel - 22lb",1269.50
0616050457444,"Ocean Breeze Marine Speaker Spacer f/JL Audio M6/M3/MX Series 10"" Subwoofer - .75"" - White",72.50
0725060625504,"Whitecap Teak Bar Rack",130.10
0010407312781,"SI-TEX B-164-20-CX 1Kw Transducer f/CVS-128 CVS-1410",960.44
0096811076099,"Lee&#39;s Rod/Reel Hanger Penn INTL 130VIS - Bright Gold",57.53
0088379002382,"Magma Crossover Double Burner Firebox",762.17
0088379002405,"Magma Crossover Grill Top",426.04
0849774030086,"RIGID Industries RDS-Series PRO 40"" Spot LED - Black",1353.12
0849774028878,"RIGID Industries E-Series PRO 4"" Diffused - Black",194.86
0089300118318,"Lumitec GAI2 Spectrum Heavy-Duty Base - White Housing",198.83
0028327013879,"KVH DIRECTV H25 HDSWM Receiver - 110V AC w/IR Remote Included",159.56
"Does Not Apply","Wichard HR D Shackle - Diameter 15/32""",108.51
0062533877825,"Mustang Livery Foam Vest - Yellow - X-Small/Small",49.37
0062533877801,"Mustang Livery Foam Vest - Yellow - Medium/Large",49.37
0062533877849,"Mustang Livery Foam Vest - Red - X-Large/XX-Large",49.37
0089300015976,"Lumitec Surface Mount Navigation Light - Composite - Starboard Green",74.92
8052530701904,"Tecnoseal Mercury Verado 350 Zinc Anode Kit",60.30
0817382014484,"Swobbit Aqua Dry PVA Cloth",23.27
0029402050178,"Minn Kota Raptor Jack Plate Adapter Bracket - 4"" S54 Black",261.10
0062533877832,"Mustang Livery Foam Vest - Red -  Medium/Large",49.37
0085462044014,"Raritan PH &amp; PHII Universal Repair Kit",71.28
0024777662629,"Sufix 832&reg; Advanced Superline&reg; Braid - 30lb - Low-Vis Green - 300 yds",36.39
0024777716711,"Sufix Advance&reg; Fluorocarbon - 30lb - Clear - 1200 yds",161.67
0082324056444,"Humminbird IDMK H7R2 In-Dash Mounting Kit f/HELIX 7 G4",62.60
0062533877818,"Mustang Livery Foam Vest - Red -  X-Large/XX-Large",49.37
0659988101171,"NavPod Stanchion Kit SK135 - For All SailPods & Most SystemPods",216.69
0659988102741,"NavPod GP1170 SystemPod Uncut f/9.5"" Pedestal Guards",430.36
0681787024375,"Jensen 19"" LED Television - 12V DC",295.79
0601373064172,"Innovative Lighting 5 LED Surface Mount Step Light - Red w/White Case",18.62
0043311976671,"Kent A-33 All Clear Auto Inflatable Work Vest",206.50
0672057205112,"Megaware KeelGuard&reg; - 11&#39; - Gray",187.23
0672057207116,"Megaware KeelGuard&reg; - 11&#39; - Charcoal",187.23
0672057207123,"Megaware KeelGuard&reg; - 12&#39; - Charcoal",200.27
0672057214060,"Megaware KeelGuard&reg; - 6&#39; - Hunter Green",122.04
0879343009502,"Lopolight Series 101-003 - Starboard &amp; Port Side Light - 1NM - Horizontal Mount - Green/Red - Silver Housing",352.14
0743683406010,"Lewmar Claw Anchor - Galvanized - 16.5lb",89.03
0723193817032,"Raymarine RV-212 RealVision 3D&trade; Bronze Thru-Hull Transducer Pair Pack - 12&deg; - 8M Cable &amp; Y-Cable",1814.42
0723193817049,"Raymarine RV-220 RealVision 3D&trade; Bronze Thru-Hull Transducer Pair Pack - 20&deg; - 8M Cable &amp; Y-Cable",1814.42
0010407110905,"SI-TEX NavPro 1200 w/Wifi - Includes Internal GPS Receiver/Antenna",1829.75
0816882022333,"Mastervolt CombiMaster 24V - 3000W - 70 Amp (120V)",1710.74
0062533692183,"Mustang Sentinel&trade; Series Water Rescue Dry Suit - Fluorescent Yellow Green/Black - 3XL Short",1762.68
"Does Not Apply","Lewmar 140TT 2.0kW Bow Thruster Kit -12V",1754.04
9316800023233,"Ronstan Series 30 Fiddle Block - Narrow w/Tube Rivot Head",32.41
9316800080540,"Ronstan Horn Cleat - Nylon - 98mm (3-7/8"") Long",15.11
9316800074488,"Ronstan Channel Style Stay Adjuster - 6-7/8"" (174mm) Long",43.02
0716750111568,"First Watch AC-1100 Flotation Coat - Orange/Black - XL",262.10
0716750111575,"First Watch AC-1100 Flotation Coat - Orange/Black - XXL",262.10
0716750580944,"First Watch AV-800 Four Pocket Flotation Vest - Black - XXL to 3XL",89.21
0716750580746,"First Watch AV-800 Four Pocket Flotation Vest - Hi-Vis Yellow - XXL to3XL",89.21
"Does Not Apply","First Watch RTB-50 Emergency Throw Bag - 50&#39;",65.27
0707708201059,"Adventure Medical RapidPure&reg; Purifier &amp; UltraLight Straw",31.12
0733572032208,"T-H Marine Straight Barbed All-Purpose Drain - White",15.61
0093344051838,"Marinco Y503-2-30 EEL (2)-30A-125V Female to (1)50A-125V Male - ""Y"" Adapter - Yellow",244.98
0879343010287,"Lopolight Series 101-001 - Starboard Side Light - 1NM - Vertical Mount - Green - Black Housing",249.64
0043311976152,"Full Throttle Adult Nylon Life Jacket - 2XL/4XL - Blue/Black",36.10
0085226786877,"Perko 12V LED Bi-Color Navigation Light - White Rounded",118.04
0085226369896,"Perko Stainless Steel Clamshell Ventilator 2"" x 2""",19.31
0716750550787,"First Watch AV-5001 Crew Vest - Hi-Vis Yellow - Small to Medium",79.04
0716750550794,"First Watch AV-5001 Crew Vest - Hi-Vis Yellow - Large to XL",79.04
0818800003134,"HawkEye FishTrax&trade; 1C-K Paddlesport Fishfinder w/Carrying Case",188.00
9316800012237,"Ronstan Split Cotter Ring - 14mm (5/8"") ID",12.01
0632085081799,"Blue Sea 8179 AC Main (European) - 230v - 32A",103.04
"Does Not Apply","C.E. Smith Flush Mount Rod Holder - 30 Degree - Cast Bottom SeaVee Version",62.59
"Does Not Apply","C.E. Smith Flush Mount Rod Holder - 15 Degree - Cast Bottom SeaVee Version",62.59
"Does Not Apply","C.E. Smith Flush Mount Rod Holder - 15 Degree - Pinned Bottom SeaVee Version",54.01
"Does Not Apply","C.E. Smith Flush Mount Rod Holder - 30 Degree - Pinned Bottom SeaVee Version",54.01
9420024171820,"Lowrance HDS-7 LIVE No Transducer w/C-MAP Pro Chart",1089.78
9420024171837,"Lowrance HDS-7 LIVE w/Active Imaging 3-in-1 Transom Mount &amp; C-MAP Pro Chart",1140.11
0062533683020,"Mustang Lil&#39; Legends Child Foam PFD - Azure Blue",62.08
0043311976169,"Full Throttle Adult Nylon Life Jacket - 4XL/7XL - Blue/Black",36.10
0795626027226,"Princeton Tec Attitude - Neon Yellow",32.32
0816882020889,"Mastervolt DC Master 12V to 12V Converter - 3A w/Isolator",116.65
0091887108415,"Ancor Brown 10 AWG Tinned Copper Wire - 25'",28.70
0870216046846,"BEP Electronic Dimmer Switch w/Wire Leads - 7A @ 12V DC",56.17
0014717582704,"Kuuma Conversion Kit Stow &amp; Go 160",66.15
0093344064357,"Marinco Wireless LED Stainless Steel Spotlight - No Remote",625.93
0093344064524,"Marinco Deluxe Stainless Steel Wiper Blade - Black - 12""",24.92
5035088039005,"Barton Marine Size 3 4:1 Vang System - Snap Shackle Head - 24&#39; Line",229.37
0768536044874,"Wichard Chain Grip f/3/8"" (10mm) Chain",63.36
"Does Not Apply","Intellian S6HD LNB &amp; Feed Horn Assembly",1699.60
0855243422931,"Shadow-Caster SC3 Series Underwater Light - Full-Color Change - 12-Color Standard or Unlimited Colors w/Shadow-NET&reg;",236.11
0632085014575,"Blue Sea 1457 8 Position Switch CLB Vertical",157.06
5060114797956,"Scanstrut ROKK SC-USB-F1 Flip Pro Waterproof USB Socket - Dual Port",42.36
0042237115416,"Rule 800 GPH Legacy Shower Drain Replacement Pump - 12V - Fits 97A &amp; 98A Shower Drain Boxes",54.07
0725060624088,"Whitecap Teak Modular Cup Rack",41.36
0725060600280,"Whitecap Teak Small Adjustable Slat Top Table",267.41
0062533085947,"Mustang Classic Flotation Bomber Jacket w/SOLAS Tape - Orange -  Large",261.24
0062533056886,"Mustang ACCEL 100 Fishing Foam Vest - Red/Black - Small",87.51
0062533056893,"Mustang ACCEL 100 Fishing Foam Vest - Red/Black - Medium",87.51
0062533056916,"Mustang ACCEL 100 Fishing Foam Vest - Red/Black - XL",87.51
0089300012241,"Lumitec Andros - Courtesy Light - White Powder Coat Finish - Warm White Non-Dimming",29.48
"Does Not Apply","Whitecap Roll-Up Shower Mat - Teak",143.94
8051566306350,"Glomex WeBBoat&reg; Link Pro Dual-SIM 4G/WiFi Indoor Unit Coastal &amp; Ocean Internet System f/North America",857.75
0062533348868,"Mustang YKK Waterproof Zipper Lubricant",19.54
0016118135770,"Fulton 1300lb Single Speed Winch - Strap Not Included",45.13
